1.164883897353836684e+00,-1.571773121055628053e+00
-6.260640869784862339e+00,4.718012965736468800e+02
7.171113851980194909e+00,-7.216146494161026794e+02
-4.134669481470560015e+00,1.345660228832603025e+02
2.401630573100794308e+01,-2.753520880076712274e+04
7.659877501805426370e+00,-8.696614565139090018e+02
7.399856647475292704e+00,-7.913490792538202641e+02
-1.169867393368612785e+00,-1.295830388036708314e+01
-1.637013404856832466e+01,8.778147891529384651e+03
-7.576433640377238987e+00,8.557221517961638710e+02
-1.855249975996752454e+00,-1.588699178120872268e+01
1.527409782089035062e+01,-7.036324949852306418e+03
4.950689674816210584e+00,-2.146358026829659877e+02
-1.595553681534834389e+01,8.124658191060498211e+03
9.336883635689050109e+00,-1.597238141409754235e+03
-3.842328126726137327e+00,9.951200328807627216e+01
9.881809742132851682e+00,-1.882776420385509255e+03
7.177722003302319465e+00,-7.195707318254626443e+02
1.330195674162137109e+01,-4.625487216153464942e+03
-6.014602647734923480e+00,4.124571366320036532e+02
-3.719197719901464083e+00,8.389835248245223909e+01
8.444710833667148364e+00,-1.153978039947428670e+03
1.662391424027058306e+01,-9.075723175435814483e+03
-4.198114778573546424e+00,1.249503498027570032e+02
-1.442073509426900380e+01,5.991593593217285161e+03
-7.011327214955954679e-01,-9.397694415205807061e+00
-4.141143118761860670e-02,8.468224149675037893e+00
1.267036509450620585e+01,-4.011940587779288308e+03
-1.911212662220449943e+01,1.397088575102253344e+04
5.880627259975778287e+00,-3.993932642315929797e+02
-3.960092310708045460e+00,1.197508457308151577e+02
1.495897110791867135e+01,-6.606347856755282919e+03
8.738363082005022875e-01,-3.604122409569083807e-01
1.032022615767484730e+01,-2.143096773224660865e+03
2.312282437413590408e+00,-9.530559841811420796e+00
1.696480360033024581e+01,-9.650400726460027727e+03
-7.354948702812946770e-01,-5.837548167856672521e+00
7.973540006472195962e+00,-1.005256777238570407e+03
-1.525037580184839037e+01,7.080620110037106315e+03
-2.024417784992100344e+00,9.917434592749843958e+00
5.584034356788492914e+00,-3.378426692029727292e+02
-2.381764702704947112e+00,2.374313647617756473e+01
1.561321347390272951e+00,-1.704906672588875338e+01
7.912866636429117584e+00,-9.704229173718941865e+02
-1.979572083876887945e+01,1.554206784720038013e+04
3.647115868493322033e+00,-8.982568112399323468e+01
2.204626780053943946e+01,-2.126184047243753957e+04
9.262772241665375716e+00,-1.535769513970322123e+03
-8.121111028350092909e+00,1.051942142157978878e+03
-7.424892712669356243e+00,8.021510833334847348e+02
2.326006661306619705e+01,-2.498839663937052683e+04
-5.826793049023378579e+00,3.764794574299962164e+02
2.577219523688447200e+00,-3.736873477658990339e+01
-1.292665117356875548e+01,4.296907305196933521e+03
1.029695900850284929e+01,-2.135805189781728131e+03
-5.642344407323435007e+00,3.637706586800728132e+02
-1.888224817379673226e+01,1.347120332118960505e+04
-3.140595141611428165e+00,6.701751879968786341e+01
4.383492306534339633e+00,-1.555649900204191738e+02
-3.871038902555111072e+00,1.091209983186680148e+02
3.374450573976647050e+00,-8.098400112539242457e+01
4.874235124453634160e-01,1.427567667422860254e+01
-8.328789963975441468e-01,-6.170437602492648388e+00
-2.306902438240017172e+00,1.342781119573270665e+01
-8.124793227886694780e+00,1.050695481110791434e+03
-1.421658694021637004e+01,5.761572195276759885e+03
-1.073610733287443431e+01,2.447889057656658224e+03
7.633701411692021210e+00,-8.511999400580416477e+02
2.023473908745559324e+00,-1.243681804407959390e+00
1.034311674879114129e+01,-2.164067557626397956e+03
1.101298695983916609e+00,-8.419959355240333565e+00
1.653941624707339741e+01,-8.962949217241737642e+03
1.682614525473253408e+00,-7.790466437801921273e+00
1.102391962785569390e+01,-2.620030120830072519e+03
1.062368261177523543e+01,-2.356548786077153636e+03
-4.588370298588586138e+00,1.853098620310192928e+02
-1.661308309625420065e+01,9.157087637761198494e+03
-3.288499933164686695e+00,5.694353226665502632e+01
1.187471411867946003e+01,-3.291107993112053919e+03
-2.413609751337295251e+01,2.815503494842848158e+04
-1.859127248633189922e+01,1.285010253558501972e+04
1.217311704442791509e+01,-3.549780673888810270e+03
-1.504900539394798464e+01,6.810857559056995342e+03
-1.212658211019933674e+01,3.547242371586957688e+03
2.060895236499702321e+01,-1.736191430653544376e+04
-1.736517317465041899e+00,1.125543819228098563e+01
9.536013109258931308e+00,-1.683548320129378681e+03
7.047114872691938814e+00,-6.600959174842388393e+02
-2.193809100490280528e+01,2.115070749500449529e+04
4.936272950364944734e+00,-2.355112315178205620e+02
-1.355317990666109473e+00,1.068659858413029795e+00
8.458703581225202939e+00,-1.174941115367204702e+03
5.475065222108379537e+00,-3.114174967410419299e+02
4.939643127277700607e+00,-2.174399936750551490e+02
-4.832098095245996205e+00,2.109485786130717315e+02
1.708419514158875074e+01,-9.862644645400805530e+03
-3.605062166847744498e-01,-1.715577604424074565e+01
1.655475459686056894e+01,-8.972832306428526863e+03
8.506387841087802215e+00,-1.201675871772205483e+03
-6.418856589068523411e-01,-1.570059716281087780e+01
-1.344989280683255828e+01,4.835840825028209110e+03
6.390065896526595068e+00,-4.942810697482181581e+02
-7.096865795184424286e+00,6.903225343365421622e+02
1.968065420978211133e+00,-2.482411985204784344e+00
2.886153319632779990e+00,-3.813751289252594034e+01
3.890245825479437869e+00,-9.223266828507387061e+01
1.530238762170301037e+01,-7.084585508897474028e+03
2.993782924895281861e-01,-1.277591453851010606e+01
-1.090077413640463178e+01,2.583639920862327926e+03
-1.363590510347359730e-01,-2.655238654027963108e+01
-2.430865825028321492e+00,-2.814083502681540949e+00
-2.162895660767629291e+00,-9.014740507192655627e-01
-2.446897088232221762e+01,2.933588111472686069e+04
-2.194200601686230545e+00,1.109342610255324146e+01
4.401667240714575158e+00,-1.643776544372817625e+02
-3.335249350684469150e+00,7.783283675179851002e+01
1.440223918462955233e+01,-5.903917877256527390e+03
4.150290683721710394e+00,-1.315130111677360958e+02
7.494105712534295805e+00,-8.016821567731298046e+02
-2.060440400802995953e+01,1.749111036861300090e+04
1.211243391592589802e+01,-3.487734316528774343e+03
-1.426962148384271600e+01,5.817307894921209481e+03
7.612268379703555077e+00,-8.563638588766115163e+02
7.891760965484487578e+00,-9.494192911748878032e+02
6.890348500641957585e+00,-6.427788580944421710e+02
2.591110660631712470e-01,-1.086540902887980309e+01
6.751045983239022164e+00,-5.878059411183457996e+02
1.037347986200555283e+01,-2.199123470735196406e+03
1.757875648189091322e+01,-1.075118906598780995e+04
-1.504954044701596416e+01,6.796411672762900707e+03
2.773380767967734783e+01,-4.243216418699132919e+04
3.590108679321849294e+00,-7.263961589574593347e+01
-9.999018324667801494e+00,1.989348266008224300e+03
3.202583267071682727e+00,-4.514011021646340538e+01
4.714910101025196809e+00,-1.984662185985264102e+02
3.073816954012952074e+00,-6.006620927201667115e+01
-1.750712779726036672e+01,1.074197053555825914e+04
5.416909382768980485e+00,-3.032678550183387642e+02
-8.379087485311998762e+00,1.154134281060292324e+03
1.299957287737100131e+01,-4.326240473095522248e+03
1.115049315622271386e+01,-2.723323549206164444e+03
2.181053574249689042e+00,-1.732465952312854540e+01
-1.049460859823197545e+01,2.290556054242427763e+03
7.683666712225935669e+00,-8.721200563424197298e+02
-9.404505270921232452e+00,1.663206020636726180e+03
-8.904105187685013689e+00,1.417068538037224471e+03
2.417216299610222663e+01,-2.805375507015231051e+04
-1.634670585380229824e+01,8.740953954872193208e+03
-2.339818889614240671e+00,6.266522372692357123e+00
-1.522139980346411647e+01,7.051408779660335313e+03
-2.375488642655547622e+01,2.684459032842926172e+04
5.483162682723553338e+00,-3.045298531510064208e+02
1.299460410999618531e+01,-4.328024716479650124e+03
7.840861707183113261e+00,-9.187164384761313158e+02
7.836696834540935797e+00,-9.256717079059947082e+02
-2.932579294600459185e+00,5.402904202039596271e+01
1.655429910806338967e+01,-8.973654305372159797e+03
-1.942083076458325452e+00,-2.143259951037910227e+01
1.026541353522997824e+01,-2.105995060744462080e+03
-8.303718800897595287e+00,1.122852025369577404e+03
2.198777000534487769e+00,-1.427619712146844400e+01
-2.396784125745417882e+00,9.825242725256405407e+00
4.652805697479078795e+00,-1.942378477551287972e+02
-6.662019494708275591e-01,-1.246721613053039235e+01
-9.622425188600395529e+00,1.780030951351961676e+03
-2.837961606500666534e+00,1.933990283050462722e+01
-1.621890663540142796e+01,8.529628194859391442e+03
1.109258168034719461e+01,-2.693132500954560328e+03
-4.443831182702171922e+00,1.588182766947257392e+02
-1.059262988660545579e+00,4.590455231247934975e+00
8.698191601652649041e+00,-1.268677659784442312e+03
-6.135341763417969219e+00,4.574325878008125414e+02
-2.636495639606006858e+00,3.284138551671033923e+01
-1.094033149853253839e+01,2.602439603118774812e+03
3.792496052142621643e+00,-9.527138834668535594e+01
1.324074055091416291e+01,-4.562187734592458582e+03
-5.308321031631557219e+00,2.869516767617768096e+02
1.137881576391809801e+01,-2.896828020401106187e+03
-1.079104009031113698e+00,-1.525022417631729788e+01
4.670294702526605946e+00,-1.835847988636992341e+02
4.462704861076186580e-01,-4.150768933952548423e+00
-2.426622037968026557e+00,3.638640684235009815e+01
-1.165146550358246547e+00,3.121151970114155461e-01
-1.125998940773980550e+01,2.852240394582098361e+03
4.251714666557190547e+00,-1.473857426632432066e+02
-1.469961137908313020e+01,6.353379048856275404e+03
-7.339082405468918324e+00,7.836877184815601822e+02
1.136132139349794556e+01,-2.870867653835110559e+03
2.615278129216868752e+00,-3.762708765258941668e+01
8.988722091489465882e+00,-1.412943087775195181e+03
2.030324872523859625e+00,-1.993966096449138803e+01
-9.559195666492823484e-01,-1.345524408370284419e+01
-2.265773459267918355e+01,2.329787009694613516e+04
1.839672844597460832e+00,1.292141563325783338e+01
-1.168809260677514894e+00,6.801218374581548431e+00
9.250680277658702266e+00,-1.549839437903337057e+03
-1.146663578173892795e+01,2.997754538578667962e+03
1.256729537846299927e+01,-3.915916917435172309e+03
1.377414732122748120e+00,-1.425931396464235945e+01
1.400416949242188558e+01,-5.401320086209186229e+03
-1.918348081485478929e+01,1.413339883812539847e+04
-1.814186677336781794e-01,6.650639019945896457e+00
2.112892691607760298e+01,-1.871271295616491261e+04
-1.345290790354581212e+01,4.869668809792191496e+03
6.732092085616733002e+00,-5.823749925029327414e+02
2.293609808522321991e+00,-1.907743208764282627e+01
-5.602173025250479554e+00,3.300387664765587488e+02
-3.980221083060850873e+00,1.351328477706843785e+02
-6.262547844123505847e+00,4.697116411019518978e+02
6.370410926329848955e+00,-5.021176993057716800e+02
1.521869304118575350e+01,-6.960098787606183578e+03
-4.399801092257647817e+00,1.682448739144251135e+02
-2.211773343896333177e+00,1.102116223774804382e+01
4.287835243337294600e+00,-1.607742945397740755e+02
1.466797716038039567e+01,-6.213808309024777373e+03
-9.830680064695688003e+00,1.884759398394028267e+03
1.662218486486673363e+00,-1.883075595836564275e+01
-5.863783293412230258e+00,3.866360649435580399e+02
9.830303707894898935e+00,-1.842702651771371848e+03
1.239866114112429196e+00,6.653746924095599979e+00
-1.560805572798081364e+01,7.596007931682172057e+03
2.724622098927726555e+01,-4.020867274212180200e+04
1.231138160984553487e+01,-3.654665105857676281e+03
3.059787703071712439e+00,-6.126890270249180759e+01
8.386833726049978566e+00,-1.164309849148499097e+03
7.878563275722657799e+00,-9.519138906220273384e+02
1.160521872916645547e+00,-7.079898335029446876e+00
2.789066998890202598e+00,-2.848160933573371167e+01
-1.807427128683582396e+01,1.182434449706544729e+04
-5.900603810413084460e+00,3.950616318226185513e+02
-3.801818493895898765e+00,9.793501884263008606e+01
3.192791573151750217e+00,-7.543257405901374568e+01
-1.024415883095931612e+01,2.139361200907511375e+03
-1.072494784849220295e+01,2.462510338570389649e+03
-1.152906478359477793e+00,5.017595724016388203e-01
5.622651124491483188e+00,-3.399372285269585632e+02
-9.709449354841455104e+00,1.823814673210071078e+03
-3.246094599940849701e-01,-1.094522246031652912e+01
-2.415366628264238358e+01,2.822275821639736751e+04
2.485187807917923664e+01,-3.051024051031699491e+04
6.744213723138313910e+00,-5.931834129673711686e+02
-8.162413120334072403e+00,1.081332753346430081e+03
-1.630781979355390732e+01,8.662744550401734159e+03
2.090485501342517338e+01,-1.811112710423700628e+04
-6.803839032819882782e+00,6.167157284711847751e+02
5.185352941478429400e+00,-2.583875016241356093e+02
1.387505254767590301e+01,-5.272245917940712388e+03
1.359368518175848806e+01,-4.962197661830226025e+03
2.231094202275159866e+00,-5.176697596958522496e+00
-1.091428185634438464e+01,2.579715756857387532e+03
-2.367401008541068830e+00,1.299918196968405759e+01
-1.005589665947902134e+01,2.023276852748869487e+03
-1.136044239714485471e+01,2.895528494316640263e+03
-2.088555898472521477e+01,1.823975017893017503e+04
4.517726615299726411e+00,-1.759684500303847017e+02
1.609038998056434622e+01,-8.237159628620334843e+03
-6.376209631613411588e+00,5.160208830808553557e+02
-1.508210940269392353e+01,6.858543145581205863e+03
-2.229810572764775234e+00,8.670132259546214470e+00
9.222758263141724200e+00,-1.523973932748728430e+03
-3.992750466331409509e+00,1.362116975161273444e+02
-1.646593773943999750e+01,8.940308182195994959e+03
-1.648933990205035727e+00,-4.054809938540362424e+00
1.001057413610241298e+01,-1.960761730551658047e+03
-8.179321968059680259e+00,1.091144025865939284e+03
-6.001904444792804050e+00,3.975216922417413912e+02
3.239227370820802587e+00,-7.815607193195573643e+01
-3.931306602965017216e+00,1.173119147749602575e+02
-3.844920120085460358e+00,8.411695284373159609e+01
1.362487702967078163e-01,-2.096724118732601738e+01
6.591641721635044249e-01,1.374632414050224227e+01
-8.212963400729226038e+00,1.089139444704645712e+03
-9.389518528271942444e+00,1.627690861446882991e+03
1.774708831566686840e+01,-1.103798204189501485e+04
5.721707230274124534e+00,-3.614471626535656128e+02
3.221754134263066671e+00,-7.635047280209136034e+01
2.485734309961009636e+00,-3.872801313781310739e+01
-6.201005761016152640e+00,4.525323683403906330e+02
9.978721293787714330e+00,-1.939415115120336850e+03
-1.268804257367211719e+01,4.064911845915526555e+03
2.578558442181807209e+01,-3.408283067133794248e+04
8.700767258506692414e+00,-1.282524859759425453e+03
4.590907161321205798e+00,-1.674484452696158314e+02
7.660040699616330606e+00,-8.608691818208504856e+02
-5.101693904837631521e+00,2.661350113997299900e+02
-1.270345495442543715e+01,4.086270159592670097e+03
-9.961918507523375155e+00,1.954790105634223664e+03
2.770485774839553272e+00,-2.132069158606473636e+01
-3.808497844318408543e+00,1.021503970353892328e+02
1.050122106487128093e+01,-2.265423946787764180e+03
3.058901843580174251e+00,-4.890804980417722447e+01
1.954191871956309168e+00,-1.349420148848264311e+01
1.405936352221570473e+01,-5.495046516971271558e+03
4.902455289686283635e+00,-2.309386137143391409e+02
1.116668974417695992e+01,-2.714066928825789546e+03
4.634181090880366227e+00,-1.707475653188866431e+02
7.234944669813398122e+00,-7.246410335972503844e+02
6.017060231927110259e+00,-4.118420399395354821e+02
4.688852821486585443e-01,1.053998289058610816e-01
9.452787400728583478e+00,-1.659550212629932048e+03
-2.342194618693173247e+00,1.481714386392784455e+01
4.459640056345953063e+00,-1.580672305234303678e+02
-7.915587030196709062e-01,-7.376059949212463884e+00
-6.334839594997126788e+00,5.092244476439999517e+02
6.480251033864096399e+00,-5.199980606984195219e+02
-4.616510045615179969e+00,1.901215215747422178e+02
-2.108303338785925796e+00,5.009794674573735840e+00
-1.523445807089321313e+00,3.440716505751821863e+00
8.788834158221785486e+00,-1.314863469009130313e+03
-2.578177913238424157e+00,1.816756991898088103e+01
7.623311816042370737e+00,-8.500110476058846416e+02
-9.882539782199179612e+00,1.917770920488383808e+03
-1.477700798370226920e+01,6.438581830492235895e+03
-1.069070701128912404e+01,2.438752974806831389e+03
-6.192220329318624650e+00,4.612706409417805276e+02
9.618903810773938190e+00,-1.748427764207998507e+03
-1.378479886936518906e+00,-5.183738316737303897e+00
-5.324955530481392252e+00,3.040278408524524139e+02
9.979419298925677140e+00,-1.925583208274543949e+03
-5.163064273593849229e+00,2.655465651470589705e+02
9.100907996825306157e+00,-1.474812824789821889e+03
1.494010360267543014e+01,-6.572658372376139596e+03
-1.733161627801746096e+00,1.109328569956302424e+01
2.622440885504729380e+01,-3.585368470964801236e+04
-7.211560354671300299e-01,-6.687415588084591356e+00
-3.588719098217874492e+00,9.912594277728166503e+01
3.940103954233816985e+00,-1.165966557171224309e+02
1.307892760308303082e+01,-4.405371181148402684e+03
-2.333227885921822953e+00,-1.420942692381267136e+00
-6.212878113638669042e+00,4.418343582218489018e+02
1.000701120265161670e+01,-1.984083810791031510e+03
-1.312716430203881846e+00,-1.138046670420419026e+01
1.037331396234308034e+00,8.571249046431727692e+00
-1.204499153219871843e+01,3.477800942220539582e+03
-2.507746677583625683e+00,1.326785262428297330e+01
-5.378860964454784899e+00,2.816708683008797038e+02
-3.978510098146967877e+00,1.179357902052570068e+02
1.125074884928433860e+01,-2.790154775228458220e+03
-1.993111783388843605e+01,1.584429988273143499e+04
1.090429759535291865e+01,-2.532714901540646679e+03
-4.708568088028505016e+00,1.940527650819860810e+02
1.218184332448450391e+01,-3.533411485835388248e+03
-1.031885195615409367e+00,-1.613714924975816700e+00
-6.108191879622277831e+00,4.414576503608115559e+02
2.037661971547593254e+01,-1.677316907765268843e+04
-1.602485155564115971e+01,8.243260144638703423e+03
1.800892428015497515e+01,-1.157986136155379063e+04
8.125857514525183234e+00,-1.042875738623896268e+03
-9.132429267752627311e+00,1.509698496502544913e+03
3.439040264566295413e+00,-7.246757813868369169e+01
-2.933221496362312664e+00,4.637575500094146008e+01
6.993293697246581786e+00,-6.675229808514852721e+02
2.862862786823374250e+00,-4.783035335233946483e+01
5.048913870551682059e+00,-2.418496648141125149e+02
-5.914919243960616413e+00,4.092000839146199951e+02
-9.964394023015117341e+00,1.965235340151197079e+03
1.567755943805404506e+00,-7.891091448015048471e-01
-3.047895648138028157e+00,2.795890314979209279e+01
-6.086772912906982747e+00,4.392383370627340469e+02
-6.855374083356632120e+00,6.162982470905668606e+02
-1.726937593371817403e+00,-2.487229627352527395e-01
1.102479716332418747e+01,-2.640855764290305615e+03
-1.365600943963720892e+00,1.061987714926248216e+00
-9.196531196614161630e-01,-1.082503431342201949e+00
7.346487451506127364e+00,-7.643865522069622784e+02
1.350524630012935212e+01,-4.851504016486348519e+03
3.596757984818978571e+00,-9.322771030344249255e+01
1.332725022615638188e+01,-4.665983247914316053e+03
4.343417530552398098e+00,-1.413269922398731069e+02
2.580111393331041558e+00,-2.828234674403586268e+01
-5.470106676870607032e+00,3.009997477044503853e+02
-4.085882031624149313e+00,1.352163068295618871e+02
-1.334736214194745196e+00,-6.426851212021052362e+00
-1.544396527868003588e+01,7.375755764361543697e+03
3.740927376579816777e+00,-1.018864092442421025e+02
2.431315652610590128e+00,-3.115156090753339413e+01
1.056663630097086681e+01,-2.292179252419338354e+03
2.053650178390814318e+00,-1.233985197748448215e+01
1.247998870207396394e+01,-3.824526853022939122e+03
3.511276942222713693e+00,-8.272423870514035116e+01
1.983236891001989122e+01,-1.544709428110503723e+04
-2.685415986506602959e+00,2.611579522671982900e+01
-1.576654076776629276e+00,-1.814544572812073397e+01
1.098311713563182579e+01,-2.607970215119053137e+03
2.167403624030024734e+00,-2.166996722444586965e+01
-7.986101319683409638e-01,-9.306600179463845990e+00
-1.388263459928924526e+00,5.808234059398477811e+00
-7.567456815133547288e+00,8.416687096089397073e+02
3.610099366483216610e+00,-7.139855957348667914e+01
-1.065765456336231054e+01,2.418342707611225705e+03
2.737553202834619448e+00,-3.585216100725006783e+01
1.940894552746024004e+01,-1.447229983329683455e+04
-1.356397648119767041e+01,4.979035292756460876e+03
-1.204722699509626516e+01,3.487504915319343127e+03
5.295155024343129568e+00,-2.812466297303204783e+02
4.926290852819213306e+00,-2.347613691003917893e+02
-7.371075878144562887e-01,2.763428863228429400e+00
2.586035440576762046e+00,-1.972483653471706688e+01
1.062209893217455514e+00,4.536019168736157070e+00
-1.602528329073130564e+01,8.235419799581453844e+03
-4.863698766778841609e+00,2.187328749404427981e+02
2.410453713313214763e+01,-2.783567673411423311e+04
-3.515400541954358804e+00,7.001785342577971960e+01
-1.553419982141464040e+00,-4.964577727415875330e+00
-1.413661870470037130e+01,5.657988185846068518e+03
5.307095100364080942e-01,-3.617151114906131504e+00
-2.213512225408837608e+01,2.172469777633830381e+04
-1.636623704654996736e+00,-1.721937563336217281e+00
-1.483703904703324250e+00,1.239012301474012645e+01
2.162809806447713257e+00,-1.343672578161911346e+01
-5.005306943732073854e+00,2.346152504744845544e+02
6.517955637563121130e+00,-5.352766745080988358e+02
-2.596638513995250808e+00,3.193664490065751238e+01
-1.959022024003672424e+00,1.416454844527224033e+01
3.172646896476104317e+00,-6.078347792377513770e+01
-1.296557245098848554e+01,4.340356480293481582e+03
-1.490219921887348775e+01,6.604239229697897827e+03
1.507434332389291143e+01,-6.772922266876234971e+03
3.609152969035415381e+00,-6.445291960046625945e+01
-2.708437114321428085e-01,6.475096321186199155e+00
5.648057882344829750e+00,-3.726912661403601987e+02
2.234016537374423095e+01,-2.214206156774089322e+04
-1.187651332147619598e+01,3.335903274794155095e+03
-1.577465227356289024e+00,-2.992275004449505005e+00
8.245924635515653023e+00,-1.068137859646943525e+03
7.505039892643489807e+00,-8.289902219204813036e+02
7.894461869304747026e+00,-9.575537967562808035e+02
2.798859721809352052e+00,-4.310660507022750920e+01
-4.159552763441868528e+00,1.391776653899629252e+02
2.616598223201887397e+00,-2.611855489292492649e+01
2.537310213085761657e+00,-3.649535014942013333e+01
1.747068255255372193e+01,-1.055161623973447422e+04
1.331887666280610105e+01,-4.665974939554744196e+03
1.399091444409519547e-01,1.648356651192121447e+01
-2.080998659036008114e+00,3.813375901352359598e+00
-5.213246215645339632e+00,2.619660188255015214e+02
1.753729211070381933e+00,-1.722191744879329534e+01
1.426382456469913151e+01,-5.722995718770059284e+03
6.203677932990858679e+00,-4.491463450051398922e+02
1.582388721165096257e+01,-7.823495346027657433e+03
-9.638606297000357870e+00,1.771359685784299700e+03
-1.418103240059111769e+01,5.699261230380608140e+03
7.636679828227488365e+00,-8.614923088677197711e+02
7.945419493473463213e+00,-9.831497972603916651e+02
9.913906003076388140e-01,-4.200657075999206569e+00
-1.578066640625363171e+00,-1.033879459329374129e+01
-7.807123534171554802e+00,9.461128019148734438e+02
1.431947043494231053e+01,-5.806743752589387441e+03
-2.394435143129865295e+01,2.749268872536119306e+04
-1.820405454525658717e+00,1.746395893999061144e+00
-4.789423198539744853e+00,2.035668973164434874e+02
5.916800362662051782e+00,-4.084799551933314206e+02
-3.837568269034998369e+00,1.049283089781602314e+02
-1.141880869445429170e+01,2.974061526454383056e+03
3.127019986600770629e+00,-5.595366463625865094e+01
-9.872209109050713138e+00,1.909927625972767373e+03
3.485089940547035248e+00,-9.272075787312844852e+01
-3.669667579891923825e+00,9.540055156608653419e+01
2.158236908949628585e+01,-1.993774964064739834e+04
9.146316217079430544e+00,-1.501463415861154317e+03
7.400618950927454698e+00,-7.796381817960898388e+02
-4.822678746288807439e+00,2.030635637983481274e+02
2.221681067781543728e+00,-2.945014852208734624e+01
-1.035041424189201820e+01,2.184337686112196479e+03
-2.286835543467830689e+01,2.395764443965055034e+04
-1.201298866475842608e+00,-5.966816257051951844e+00
2.855811352360357880e+00,-4.639494220015195225e+01
8.374421582349331317e+00,-1.142165964075602915e+03
3.422589297877975945e+00,-7.137290991004846319e+01
2.059308826545521143e+01,-1.733301390692803398e+04
1.057184140735078515e+01,-2.330856090449637122e+03
1.656046839504518076e+01,-8.994775026114661159e+03
2.239349718979950410e+01,-2.230912226063694470e+04
2.828874744698167021e+00,-3.900456420724908213e+01
-7.930323460179949713e+00,9.935748080609133694e+02
5.877356703897823609e-01,-9.816907653401933942e-01
8.597798179996920531e-01,7.618822441014987845e+00
9.397829340594688219e+00,-1.636561140335328673e+03
3.099749150354004223e-01,-1.694862277961473485e+00
-6.367704952434662502e+00,5.082286990015646211e+02
1.118627038842111787e+01,-2.739361500069642716e+03
1.888260168840362851e+01,-1.334185338933359162e+04
5.789526203868890164e+00,-3.691777579721658640e+02
-3.220235559976458717e+00,5.749052387409253129e+01
2.779894237794046763e+00,-3.709331385452290419e+01
2.556454060987397581e-01,2.127850842523382191e+00
-2.656004668698573212e+01,3.753379673204616847e+04
2.576951243581913076e+00,-3.479539968007307493e+01
-5.869596401979731759e+00,3.969935848087577028e+02
1.209182724578337798e+01,-3.471518539844355473e+03
3.077902818683166508e+00,-6.392894252209463701e+01
8.427791412332876320e+00,-1.163524816470765018e+03
-1.525627800779042964e+01,7.105881256424589083e+03
-2.070215413720752018e+00,1.815723741022246429e+01
-2.280704123462412358e+00,3.536113810320219386e+01
-3.697323304442048819e+00,8.646428435074703600e+01
9.354459215359952395e+00,-1.597830129667823712e+03
-4.602498584730216002e+00,1.828886234752303324e+02
3.086468592726765880e+00,-5.300471519039710699e+01
3.542400048743373553e+00,-9.532605852213994524e+01
-2.148148912672244393e+01,1.984129625578415289e+04
1.246176168273956009e+01,-3.804061722696308152e+03
6.245359292604090840e+00,-4.824378462998061536e+02
2.296580239729938633e+00,-2.637577921352684029e+01
-7.195831497472717331e+00,7.224173536351099756e+02
-3.329353469202954940e+00,6.657550215041941044e+01
-1.224875669919019305e+00,-1.474236929750624903e+01
1.597412617090082776e+01,-8.056411015662794853e+03
-1.312744020195273009e+01,4.508142940074042599e+03
-1.533708897745421496e+01,7.210149268386577205e+03
1.292487940179170569e-01,-4.471930684371780984e+00
6.176507125736867110e+00,-4.590743800284860754e+02
-2.343408774784656146e+00,1.852935080885496077e+00
-1.467741421430665127e+01,6.314846697569804746e+03
-3.066078756296387042e-01,-1.454929616322841568e+01
-3.631916994390254949e+00,7.451801393492418413e+01
1.017865194907055168e-02,1.294900256877537181e+01
-7.855013098141319650e-02,-3.733302856685137616e+00
-3.330183266697225086e+00,5.895730217533309769e+01
-1.296690180982644236e+01,4.361416559361816326e+03
-7.804540261649562716e+00,9.417224376070284961e+02
1.877249304631129689e+01,-1.309565084090556047e+04
-3.098004131104239178e+01,5.957921830584596319e+04
-4.485140486068736720e+00,1.901665939951838027e+02
1.024512396216109344e+01,-2.083309042453496204e+03
-1.036098818501688612e+00,1.203127894271730902e+01
-8.161034776202376051e+00,1.066251474769931065e+03
5.010069997260670149e+00,-2.359845619033293644e+02
-5.734896961750640898e+00,3.553629467266588904e+02
-3.178744535276225580e+00,6.548621476317366330e+01
1.446861170224293325e+01,-5.991673108693317772e+03
9.615661478369155191e-01,-6.835067637657558315e+00
-2.053806722978918309e+00,-1.282057947142735443e+01
5.746555756540749904e+00,-3.462562378457613477e+02
1.478306130751759540e+01,-6.381257220125218737e+03
-1.551406759550633119e+01,7.464755386167533288e+03
1.351851473983906615e+01,-4.860579345121671395e+03
-8.627899944324335380e+00,1.273535084770378717e+03
-1.633395563578305065e+00,-2.071131616068097969e+01
-1.307372688395289906e+01,4.456507951430930916e+03
-5.133524020231553742e+00,2.479171221578578752e+02
-1.195920605311826890e+01,3.400637117134357140e+03
-1.719993954222676891e+01,1.019049919017071261e+04
1.203230317608536737e+01,-3.419816434431995276e+03
9.898849152554394237e+00,-1.904183332320999625e+03
-7.324295730121543002e+00,7.690380684552642379e+02
3.810704609813525323e+00,-1.070370433715530112e+02
-1.207610524048547695e+01,3.517953087465990393e+03
-2.182166366857423867e+01,2.079810950177704581e+04
-2.201557230544462840e+01,2.136323202856900025e+04
-1.202369442774729613e+01,3.483429063761450834e+03
1.522979072452890748e+01,-6.984276053517007313e+03
1.327649394871725841e+00,-1.161782201552782112e+01
-9.055809388905064594e+00,1.481992242686922964e+03
-1.737774530071153345e+00,1.688899616854817864e+01
4.258435335086885765e+00,-1.414798984086676228e+02
-8.783504719945945283e+00,1.355602646956533135e+03
4.373540325678763274e+00,-1.727706566377723902e+02
-7.415261867165073184e+00,7.985498735238538757e+02
8.198089423505068307e-01,1.762031405065373590e+01
6.848568820208979169e+00,-6.149880698027898234e+02
-1.194180378415337884e+01,3.415296511114526311e+03
1.102060550095033342e+01,-2.626995106158510680e+03
1.436120534726610032e+01,-5.849266039837271819e+03
-1.528585939556540430e+00,-1.324546018056246410e+01
3.224096543205812182e+00,-8.556350400381859345e+01
5.387417242942934337e+00,-3.003739241075305699e+02
-5.736383857926695029e+00,3.721789658234812919e+02
4.441543388037024087e+00,-1.625056708652410293e+02
-1.515102347083275092e+01,6.955617271372716459e+03
1.588854866589521819e+01,-7.927546404010639890e+03
-1.647251047759084130e+01,8.943014264490790083e+03
-2.030788896724345705e+00,5.171272348627887538e+00
9.015104389722738532e+00,-1.444891410974661312e+03
-3.042118128530708621e+00,3.166860335637901258e+01
3.494240158935080665e+00,-8.552206559115921891e+01
2.963064649010037632e-01,2.692605782777169665e+00
5.117690795192491926e+00,-2.549244307647236951e+02
4.514484799013618321e+00,-1.775609008566711395e+02
-1.410993187907360280e+01,5.617000037571410758e+03
8.551286696726979386e+00,-1.222427344125565469e+03
1.600162432999005180e+00,-2.030986162989572819e+01
1.723322150375465611e+01,-1.012357506330359865e+04
-1.907447179858654351e+01,1.389129710352684197e+04
3.138784964988463599e+00,-6.530651602573736625e+01
9.975670839199436202e+00,-1.935334791551298395e+03
-1.222154979440081846e+01,3.646638859934331322e+03
-4.511984723655762863e+00,1.555774593166903514e+02
2.516461302589646465e+01,-3.165407375532143487e+04
-6.483802484321627091e+00,5.482846346692920179e+02
1.911302348905657089e+00,-7.261190827802501246e+00
-1.986304805179319510e+00,8.695198214824770844e-01
-2.407196636698511583e+01,2.793670691495908613e+04
4.464859262909540050e+00,-1.482084316883855024e+02
-4.246397350294502715e+00,1.514319409849916269e+02
-4.843946212113932503e+00,1.990659785229426859e+02
8.717805991311934122e+00,-1.300865545276157036e+03
4.471279790008012789e+00,-1.669912165782250781e+02
5.038068555628806067e+00,-2.453671940115971779e+02
-1.799193756404130795e+01,1.166281722904737580e+04
4.867814460439739754e+00,-2.051693708292224869e+02
-1.410776139283699493e+01,5.600765293234313503e+03
-4.455687797748926648e+00,1.660467943094274119e+02
-6.746255648832453211e+00,5.913723483397075142e+02
-1.559456086796239305e+01,7.584654460832489349e+03
8.144777030794230654e+00,-1.050608402360352557e+03
-1.677482598251527435e+01,9.429824372358099936e+03
1.436797553722169773e+00,-1.116883694033251473e+01
1.975744508358683094e+00,3.540456500264975048e+00
7.170591139075757958e+00,-7.002080455094873059e+02
3.551765462647873850e+00,-7.144315651735691119e+01
4.323243185232436225e+00,-1.484989026849564482e+02
7.424790385932773518e+00,-7.878058985302570818e+02
5.872849654910129225e+00,-3.787068368789948067e+02
-1.403285038355362779e+01,5.512061219637621434e+03
-6.050307492187584124e+00,4.136157427993503006e+02
1.045156024173588882e+01,-2.248717980466926292e+03
-6.718392933742311612e+00,5.938476231493169735e+02
3.420593187518151002e+00,-5.327454887225245272e+01
-2.736285316195159911e+00,3.460051783675405090e+01
-2.706907291456077225e+00,4.599121949230233497e+01
-1.764325488701917877e+01,1.098825115968663340e+04
-1.072102214619046912e+01,2.437620558373104814e+03
5.410275195911710355e+00,-3.083941316978560963e+02
-6.147217319214853148e+00,4.404061625573266383e+02
5.991149955278097794e-01,-1.201764075469117188e+01
-1.872892046632322760e+01,1.315017540244758857e+04
-1.839936017780057664e+00,-4.418731871014850654e+00
-1.942610152348829899e+01,1.466232726238098803e+04
3.212702849345077549e+00,-6.168227030812344225e+01
-1.191301453991349346e+00,-1.380634775084104149e+01
1.456982450407250607e+00,-6.760269079092216415e+00
-6.485444987321828947e-01,-5.160708639328138503e+00
-1.338167748790225176e+01,4.772388476153831107e+03
1.231062170389627219e+01,-3.688134344322810193e+03
5.694698566583258348e+00,-3.621579974775845585e+02
1.107528950417672142e+01,-2.673390059907610521e+03
-1.168938948607452510e-01,-1.027763751050154895e+01
-2.241013092121923733e-01,-2.721892033898200935e+01
-1.668294241876785478e+01,9.282188963788647015e+03
1.812263322875319327e+00,-1.779396985072510873e+01
-5.026906207280533501e+00,2.244229848335570523e+02
-2.101233829009614862e+00,2.028304626527410193e+01
-9.739879445647003919e-01,-1.374178927530439154e+01
-7.180140296050266713e+00,7.212257620114864949e+02
-2.577677751225190406e+01,3.429754064596026728e+04
-7.300450519133699245e+00,7.568321685159987737e+02
1.003005060775481905e+00,-4.791690963031447481e+00
1.050456943711687430e+01,-2.265602121844785415e+03
6.123377796976167353e+00,-4.307354819850579020e+02
-1.787963600502731865e+01,1.142990015490320184e+04
-1.286865042093547906e+01,4.254609966837681895e+03
6.820859221641619285e+00,-6.125714173066264721e+02
-1.616263049399672969e-01,-1.307999124431747262e+01
-3.079259740446333993e+00,2.845186446114739454e+01
6.244241721186429839e-01,1.647629737360841062e+00
-8.238040317870007456e+00,1.106886340090426074e+03
6.635924461463633683e+00,-5.557229299861833169e+02
-1.476876384121769359e+00,-7.020975893144678182e+00
1.220353755643649940e+01,-3.558285994587897221e+03
-7.890654229837416267e+00,9.604745814804246038e+02
-7.640815293715031764e+00,8.632433341549244687e+02
-8.268457140647637260e+00,1.105334008200326707e+03
8.992948305905732909e+00,-1.425871478311243436e+03
6.423461416166237337e-01,-1.032924825941796243e+00
3.126522388060453572e+00,-4.256433454960622953e+01
1.436605597344055418e+01,-5.875346298580968323e+03
-8.036771996944215957e+00,1.024630101829651267e+03
-2.619956158112699551e+00,2.971638606509985792e+01
-2.579216275340618481e+00,2.376519878770636041e+01
-8.202165224824975454e+00,1.109024325683960342e+03
-9.655706989731685397e+00,1.785461863106991132e+03
-1.444774657050086120e+01,6.023250515163085765e+03
6.729080259851675905e+00,-5.932718146490287836e+02
-1.948577171590471480e+01,1.481432942227216699e+04
-4.198388103479656408e+00,1.436504256048780519e+02
1.875536955595429767e+00,-9.427930488607440651e+00
3.698090020316419757e+00,-9.519720679012743858e+01
-2.988801745959892564e+00,1.419304704771982983e+01
-4.748890445531673166e+00,1.745011347068548275e+02
-2.191680906027723363e+00,1.118001505191760714e+01
1.544597818569961234e+01,-7.280782146615541023e+03
1.879528820091265828e+01,-1.316922879286904572e+04
-1.490162631799801751e+01,6.620055961461494917e+03
-1.149501717536205447e+01,3.033104427841932647e+03
-2.041223906625948104e+01,1.703415613877935903e+04
-1.627352146342970940e+01,8.614338954682923941e+03
-1.008461850654832404e+01,2.034695794216370587e+03
6.695113906977235629e+00,-5.681559414880821350e+02
-2.022701536137534895e+00,6.825634740830995639e+00
-7.040411882390405829e+00,6.607467888574593644e+02
6.455504630569979252e-01,-2.088440411151466236e+01
1.274158318691451797e+01,-4.072530226683781166e+03
8.116506636341274117e-01,-1.819714664986339514e+01
1.435731150694325287e+01,-5.828849956113785083e+03
1.217735632937441181e+01,-3.546585563825765803e+03
-9.889746002252872259e+00,1.911522517967458043e+03
-6.143347755480771610e+00,4.326396972027068273e+02
4.484150716292983674e+00,-1.558630523193441775e+02
5.703954119260497002e+00,-3.573777506807736586e+02
1.343375997859704185e+00,-8.103911074047601915e+00
-9.234632019724321239e+00,1.543063442462981129e+03
-1.968674016448041186e+00,1.551821404235142143e+00
1.756916978747595692e+01,-1.074533570025251720e+04
-7.851711986684879463e+00,9.410779698095112735e+02
-2.043375531867426176e+01,1.709821320034944074e+04
-3.181310407539123641e+00,4.520504351324670012e+01
7.896314121422711718e-01,-5.387427977769416287e+00
1.024398227672434381e+01,-2.093865691901557511e+03
6.340434381347989756e+00,-4.957436460733727017e+02
-2.216046715760809915e-01,-1.775823303074424331e+01
-9.881602279459617222e+00,1.911910357887650662e+03
-9.633672143292283607e+00,1.785466553095843665e+03
-1.298105832694787587e+01,4.352286904854606291e+03
-1.354573478503652773e+01,4.966525499426559691e+03
-5.296010345285324661e+00,2.756189197807073583e+02
6.062813217130155863e+00,-4.396030564045039455e+02
-4.222060126356329768e+00,1.219414976145224188e+02
6.102750164658255372e+00,-4.362122259814564700e+02
-5.709252888367894130e+00,3.661348906714739542e+02
1.766184580597074216e+01,-1.090561478790274123e+04
4.992276425174368093e+00,-2.419530723823817766e+02
1.515352117137051735e+01,-6.885317501531187190e+03
9.732864033060355524e-01,-3.997566554249612825e+00
6.040015547427298515e+00,-4.376453868114395505e+02
-2.261408008339011122e+00,3.054037377601894931e+01
2.135824673233349014e+00,-1.203630805519960489e+01
-1.699385293820108389e+00,-6.258528422208907038e+00
7.013304758226771796e+00,-6.687884579742635651e+02
1.562495465267685901e+01,-7.553256299377282630e+03
-7.229667816629491206e+00,7.406299605486298105e+02
-1.041278103816914147e+01,2.252302633666718521e+03
3.153079185645089044e-01,-1.446025241666642813e+01
-1.523907896108275040e+01,7.084282419865739030e+03
-3.068637228938380535e+00,4.839773961104965139e+01
-9.123182995505453308e-01,-7.636248873449615893e+00
6.746967338007282322e+00,-5.856970015897919666e+02
3.642494384580809097e+00,-8.021821459113915864e+01
5.205935244244273008e-01,-1.175042692183430226e+01
-1.732551054197691087e+01,1.039991212458868904e+04
2.322145127373560314e+01,-2.487326162026905513e+04
-1.351644168000406943e+01,4.926501247018083632e+03
-1.513534562280438367e+00,-1.056622248232762118e+01
-9.167693038019269380e+00,1.522423564136266123e+03
9.017457335482014003e+00,-1.438447114238444783e+03
-1.098453901014501355e+01,2.642991327592537345e+03
8.860584806606293995e+00,-1.346504483556598416e+03
-3.114295392738584134e+00,6.893099814255697311e+01
1.437561578874494828e+01,-5.852973007067743310e+03
-1.255345412277265815e+01,3.958602606094082603e+03
7.294767306305159238e+00,-7.519024794086406018e+02
-2.743888290592488843e+00,1.431701864177897754e+01
8.204534420598619704e+00,-1.056473801356954027e+03
2.811087570974498018e+00,-3.420005154856095686e+01
5.668972150493527096e+00,-3.417004330333047619e+02
1.683832550035797837e+01,-9.455114138654507769e+03
-5.839201292756336592e+00,3.957838649784471841e+02
-9.352135432770550594e+00,1.622744240070318938e+03
-9.338650675555669523e+00,1.626057216811105263e+03
-8.859661433298962052e+00,1.372756813944879013e+03
4.919075300656981398e+00,-2.464550318014803452e+02
1.185347664972171700e+01,-3.271156079522376331e+03
7.893524982971995563e+00,-9.501547903288433190e+02
8.952807924379463378e-01,1.506481598036422831e+01
-1.198066314561232559e+01,3.412967035296321683e+03
-7.076945110022193397e+00,6.938320677497353017e+02
-7.976550640146077065e+00,1.003920716264171233e+03
-8.891525699245125480e+00,1.384885808918269731e+03
9.404323776182652139e+00,-1.628618770857673553e+03
5.379751232418819917e+00,-3.025364453155327737e+02
-1.899933947044802451e+00,-2.409482873233395495e+00
-2.844912106190407020e-01,-6.219548804259932950e+00
-2.299223235100219309e+00,1.568597636679996121e+01
-8.583275791604455307e+00,1.256129529237129873e+03
-8.129170828470618559e+00,1.039367661366092307e+03
7.702895741749384850e-01,4.550381898777727585e+00
-3.170491639158644404e+00,4.858623096200003744e+01
7.741281018967426597e+00,-8.852970446854810689e+02
-3.591478588807467531e+01,9.276850446536138770e+04
-1.489821521676762295e+01,6.611521835675909642e+03
1.139440715093472534e+01,-2.905922507130641861e+03
-8.009940319713757972e+00,1.009892320724866636e+03
9.325259402477772852e+00,-1.575238667299024200e+03
1.218896671156223910e+01,-3.557485358776690191e+03
-3.928230838326335350e-01,-2.868647804803759627e+01
1.941456591135271470e+00,-1.697789118249684392e+01
7.631547649039069903e-01,-1.167666671214932883e+01
-1.525150743409596998e+01,7.090119336628287783e+03
1.179401063118319160e+00,-2.430146122518773932e+00
-1.311600902045006123e+01,4.484540331810260795e+03
6.162289893898038606e-01,-3.835040756175410515e+00
-4.537970596396982970e+00,1.727702878915939095e+02
1.754245356627423291e+01,-1.067327900671087264e+04
-1.472117105838013806e+01,6.375031021589430566e+03
-1.392218409674819135e+01,5.365535895288771826e+03
-3.798880902676760485e+00,1.221300790782306649e+02
-1.575051081331395864e+01,7.800509554850344102e+03
-9.881988399077558327e+00,1.897797741449400291e+03
-1.052348826836659690e+01,2.314278605938242436e+03
-1.115191013098736050e+01,2.753829091912201420e+03
-9.861223026538416647e+00,1.897411699486531234e+03
2.443409927327110864e+01,-2.897530710879866092e+04
-1.756394487405521332e+01,1.084259072115169693e+04
4.333865305277473823e+00,-1.429087124429909466e+02
7.697915260801022619e+00,-8.745570561818502711e+02
9.062263516418395781e+00,-1.450760318211147478e+03
3.923563133991174734e+00,-1.103194859941398676e+02
-5.734257175703830534e+00,3.678865901154128437e+02
1.499271993598873109e+01,-6.647173602812564241e+03
1.511899112096356390e+01,-6.832254748957448101e+03
-2.997750704528682864e+00,1.952215441700212750e+01
1.201215340711079804e+01,-3.417336474549793820e+03
3.729557310045590768e+00,-9.976226757964332137e+01
-1.939734771752339881e+01,1.459794518425919341e+04
-9.396722156680297644e+00,1.658766791436609992e+03
-1.113385675390451901e+01,2.754276252176846356e+03
-1.114434708535099361e+01,2.749407186848650781e+03
-1.018488899622981592e+01,2.082892515932787774e+03
1.104341306472812256e+01,-2.627259987098301735e+03
-1.454893302032857960e+01,6.130433704912762551e+03
-5.324767020865678546e+00,2.657261966051167406e+02
1.323198862954420818e+01,-4.600031437987428035e+03
-1.052220621962812785e+01,2.301251320866496826e+03
-1.000509344955518642e+01,1.992552526731040189e+03
5.168995509010899880e+00,-2.677771595646178184e+02
1.446616541786775123e+01,-5.972572045990383231e+03
1.154166291549530099e+00,-1.759290187646403680e+01
-1.807529617600780369e+01,1.181205151075729555e+04
5.601842989294811836e-01,6.631834779480014319e+00
-8.024779111767529116e+00,1.004593138249917843e+03
-2.092304208091016804e+01,1.833172987346233640e+04
7.158276109072490012e-01,5.607058168994237590e+00
-6.435387367303447625e+00,5.116193701420068010e+02
-2.572843346475675119e+01,3.410910617594602081e+04
-1.354174459337031733e+00,2.414160764497381706e+01
1.918192685691954891e+00,-3.066639354713164423e+01
1.102809202140657696e+01,-2.630615765118225681e+03
1.803822497886589460e+01,-1.163309050694399048e+04
7.736954514477542233e+00,-9.139308013828436970e+02
-1.432383715221283715e+01,5.879824412496995137e+03
-1.493763296131058516e+00,-1.252638379394193535e+01
-2.558761408664053327e+00,1.039844179604629204e+01
5.143196918295412701e+00,-2.725566145905905842e+02
-1.429580317209558515e+01,5.831874925169483504e+03
-1.883232235009808164e+01,1.337053431141176225e+04
3.324253127832734744e+00,-5.405675541662127159e+01
-1.125300996082569327e+01,2.835449152481784949e+03
1.668362749383605959e+01,-9.197328773570752674e+03
-4.947961262498341561e+00,2.349747237438434411e+02
-5.610959258035276065e+00,3.322676454372230523e+02
-1.135775187056626612e+00,-7.496949730163965597e+00
3.696795292347508921e-01,-2.599303304836696071e+01
1.480737987902862152e+01,-6.407905185253558557e+03
4.792184854725300092e+00,-1.940686521871289472e+02
-1.425638858512045815e+01,5.786838522563992228e+03
-2.169119327472880698e+01,2.044049798062799164e+04
-3.439358370034795720e-01,-1.071330101597614259e+01
-8.738013003108282106e+00,1.314418251523009076e+03
6.854609793169834653e+00,-6.295696824234922815e+02
-3.918961747006404650e+00,1.136330223313802037e+02
7.997318428668226176e+00,-1.015832181453002477e+03
3.983374968808543137e+00,-9.749610459705060350e+01
-5.903769929384787840e-01,2.485909264508326189e+01
-3.780316785205040553e+00,7.533360080153465788e+01
1.026226188278939855e+00,-5.277618927656073211e+00
1.152475310447103318e+01,-3.004470084626944754e+03
-4.464193043034957675e+00,1.618850885618014104e+02
-4.798666399097440034e-03,-1.304050677540214487e+01
5.111097786382400088e+00,-2.563453728110280849e+02
1.290515726736429336e+00,-1.601313437159477715e+00
-2.631748431935553079e+00,1.731259216833612058e+01
4.909141592688927247e+00,-2.298951833437446624e+02
1.907553111504493160e+01,-1.376541557678018216e+04
-6.849464899822580222e+00,6.282376434435757346e+02
7.055799561895611305e+00,-6.741702665859656918e+02
-5.678346761243872720e+00,3.380969410606109022e+02
-1.645718083720743508e+01,8.906533087307538153e+03
2.559965635773055226e+01,-3.336063401034610433e+04
9.865110119770198693e+00,-1.871951368882610950e+03
7.241702055242173586e+00,-7.318031490369631911e+02
-6.722004435150252810e+00,5.988904985606531000e+02
-3.002217330914925264e-01,-1.099701236317386055e+01
-3.098775097284582003e+00,6.374637198150605855e+01
-2.128484844046665714e+00,1.777185101470550421e+01
1.967021777815271211e+00,-5.613766545771005312e+00
1.186164637619964601e+01,-3.281201004861130968e+03
-5.536707439107605211e+00,3.291301673380733064e+02
1.000503113293260782e+01,-1.959761623203256249e+03
1.453257458016980053e+01,-6.053801819496213284e+03
-8.202210428963507383e+00,1.088371938660803153e+03
1.242623273895846925e+00,3.558805974449033016e+00
-1.276982464565841191e+00,-4.516512193245691975e-02
3.427768792723420721e-01,-5.868008978169704903e+00
-1.273694932595612883e+01,4.148218475026942542e+03
-7.107958979731842097e-01,-2.930330706777217742e+00
-9.443870265545577070e+00,1.673131614815217290e+03
-3.171012014135365487e+00,5.353717721586568246e+01
5.194285771431638166e-01,-4.255728195147978177e+00
8.679846295571797654e+00,-1.267285614158449107e+03
-1.057729857204243729e+00,1.812986575581854609e+00
3.544617109812618239e+00,-8.232532656642017344e+01
-4.669816056064497900e+00,1.932623227231047736e+02
8.220813441727838011e+00,-1.078773176614558679e+03
4.753148390631593223e+00,-2.137433027737806981e+02
-1.199451288475798805e+01,3.434645630366132082e+03
4.681390359783971888e+00,-1.959675515455681705e+02
7.997683575657954513e-02,-1.347799832390057162e+01
-6.209067206370114889e+00,4.626133998946023098e+02
-2.536889450583373673e+01,3.269780695294797988e+04
-1.849452075599109513e+00,1.000400587397229657e+01
5.383556372482900532e-01,-2.644694021953337693e+00
1.351076220314985576e+01,-4.879154113729503479e+03
1.359509763145514150e+01,-4.962251424608496563e+03
3.475118460521647190e+00,-8.632765857594242220e+01
2.633066363939879473e+00,-3.809316330997193489e+01
-8.804361923649535626e+00,1.339154059465880664e+03
5.451669329101457073e+00,-2.914784716227327408e+02
4.706918044736447371e+00,-2.018303839347249209e+02
1.964103884938888323e+00,-2.389655429394468555e+01
-4.091184894011747453e+00,1.299717690694004091e+02
-2.087039746887046832e+01,1.819323011799931191e+04
-1.896362070211133677e+00,-2.222073396204590523e+01
8.758053864820711354e+00,-1.308324735981836966e+03
4.909964383196319559e+00,-2.103472055126493103e+02
4.591052333512275929e+00,-1.881968699899745729e+02
-8.944882664048169119e+00,1.427651620895208907e+03
1.080894444085000927e+01,-2.478279605880948111e+03
-3.043422897444784669e-01,-2.302521993393534316e+01
4.123679347724505284e+00,-1.117239589476228474e+02
-7.436835730559621105e+00,8.014519120642628423e+02
7.933061539587327182e-01,-2.877743114973057459e+00
1.882228775846618518e+01,-1.320592213142287983e+04
1.632719379893287126e+01,-8.623495514954804094e+03
5.006139205846093176e+00,-2.533367750524984956e+02
-3.165083909110382621e+00,4.445602691498117309e+01
2.854197302320382601e+00,-3.683703306326228244e+01
-2.745212062255912144e+01,4.142815767419596523e+04
1.959877116634196526e+01,-1.492302300756906152e+04
-9.139653357133827871e-01,-2.669876474880548400e+01
1.072989276266205927e+01,-2.413481297009580430e+03
4.187842832127858017e+00,-1.343680929969958129e+02
2.214726587375127842e+00,-1.967072375495736836e+01
7.845512528297897248e+00,-9.363987406825685866e+02
-2.090216479730179344e+01,1.827926459272464854e+04
-1.003759227220932715e+01,1.997860240074355033e+03
1.629010992445384431e+01,-8.571970822899364066e+03
9.256797175664164712e+00,-1.526942282904628200e+03
-2.177042800991463523e+01,2.065329856392791407e+04
2.455765207236154435e+00,-2.941202029109668814e+01
-9.338984184040286962e+00,1.632179841373600993e+03
-2.398151718120009690e+01,2.761002320204393254e+04
-7.146511459687250323e-01,8.373888887709188822e+00
-1.603333947428909312e+01,8.240974579545556480e+03
-4.231712425856215098e+00,1.330480624483698762e+02
-5.239293754008182091e+00,2.759871677614887631e+02
1.819098771172112095e+01,-1.192275705435871532e+04
-4.681632511948800257e+00,1.910043713971854515e+02
3.697167806851499705e+00,-6.954510244659789464e+01
1.854345860295096315e+01,-1.263219205749630964e+04
-1.658798938959006319e+00,-2.879763027095530781e+00
-2.565752651574407128e+00,3.810894265645390533e+01
-1.855605100029940857e+01,1.277981992112954867e+04
2.523661922946213920e+01,-3.196142064859889069e+04
1.699242682143159433e+00,-2.611518251896222509e+01
1.717987729755498805e+01,-1.003133977621289887e+04
4.823634004596766722e+00,-2.087507110435199991e+02
-1.209109409645466116e+01,3.513578064422675652e+03
-6.464901173793535349e+00,5.320993273974593194e+02
-1.561206417949181535e+01,7.605225792785837257e+03
3.303989303559226265e+00,-6.572145207778225995e+01
-2.338366838007366777e+00,1.728283578954819788e+01
-1.688256483257369567e+01,9.638102030660411401e+03
-1.747463631782084192e+01,1.068555600262381085e+04
-3.015420779239189386e+00,2.866088222266074936e+01
-8.560908436869409499e+00,1.231719581973596405e+03
-5.985999640445997194e+00,4.109107505090358359e+02
4.804245841434058306e-01,-5.376410068872431225e+00
5.076892656035613349e+00,-2.628277584395564759e+02
-5.744855139246311637e+00,3.575539369135286165e+02
-4.663830079742407264e+00,1.821506171602663358e+02
-7.368213765591527853e+00,7.838878587548059613e+02
-1.208860877752584884e+01,3.534182937046217830e+03
-2.092087989385805535e+00,1.767487193400969403e+01
7.293022665292920870e+00,-7.395327818562884659e+02
-2.748757284838050818e+00,2.789960785073657945e+01
4.073936550603622031e+00,-1.345844243820360191e+02
-7.772120825907899544e+00,9.268230601495554311e+02
-7.038083477204947869e+00,6.887920937845202616e+02
7.030902750718492911e+00,-6.554569093764347372e+02
4.340941257547128451e+00,-1.551895516536655464e+02
2.801280425113005901e+00,-5.066716566768306507e+01
-3.881498373790163825e+00,1.122401372336014731e+02
-1.171551651438926811e+01,3.202185153396435908e+03
1.384463028876561985e+01,-5.243590316749661724e+03
-3.555229470605168363e+00,6.415471214672193412e+01
